<?xml version="1.0"?>
<!--<!DOCTYPE metadata SYSTEM "http://www.esri.com/metadata/esriprof80.dtd">-->
<metadata xml:lang="en"><Esri><MetaID>{FE96CD88-E2E3-4F1F-80D8-3DA8C64033D4}</MetaID><CreaDate>20080625</CreaDate><CreaTime>11070300</CreaTime><SyncOnce>FALSE</SyncOnce><SyncDate>20100422</SyncDate><SyncTime>07275900</SyncTime><ModDate>20100422</ModDate><ModTime>07425400</ModTime></Esri><idinfo><native>Red Hat Enterprise Linux 5; PostGIS</native><descript><langdata Sync="TRUE">en</langdata><abstract>Shapefile of National Weather Service issued short and long fuse watch/warning/advisories.  This file is by no means complete, but covers most of the high impact weather statements.</abstract><purpose>Provide GIS users with something usable without worry about parsing lots of nasty text formats :)</purpose></descript><citation><citeinfo><origin>REQUIRED: The name of an organization or individual that developed the data set.</origin><pubdate>REQUIRED: The date when the data set is published or otherwise made available for release.</pubdate><title>Current Watch Warnings</title><ftname Sync="TRUE">current_ww</ftname><geoform Sync="TRUE">vector digital data</geoform><onlink Sync="TRUE">\\vmware-host\Shared Folders\tmp\current_ww.shp</onlink></citeinfo></citation><timeperd><current>publication date</current><timeinfo><sngdate><caldate>unknown</caldate></sngdate></timeinfo></timeperd><status><progress>In work</progress><update>Continually</update></status><spdom><bounding><westbc Sync="TRUE">-160.552076</westbc><eastbc Sync="TRUE">-75.747459</eastbc><northbc Sync="TRUE">48.493116</northbc><southbc Sync="TRUE">18.250368</southbc></bounding><lboundng><leftbc Sync="TRUE">-160.552076</leftbc><rightbc Sync="TRUE">-75.747459</rightbc><bottombc Sync="TRUE">18.250368</bottombc><topbc Sync="TRUE">48.493116</topbc></lboundng></spdom><keywords><theme><themekt>unknown</themekt><themekey>warnings, nws</themekey></theme></keywords><accconst>None</accconst><useconst>None</useconst><natvform Sync="TRUE">Shapefile</natvform><ptcontac><cntinfo><cntperp><cntper>Daryl Herzmann</cntper><cntorg>Iowa State University</cntorg></cntperp><cntpos>Assistant Scientist</cntpos><cntvoice>515 294 5978</cntvoice><cntemail>akrherz@iastate.edu</cntemail></cntinfo></ptcontac><datacred>National Weather Service</datacred><secinfo><secclass>Unclassified</secclass></secinfo></idinfo><dataIdInfo><envirDesc Sync="TRUE">Microsoft Windows Vista Version 6.1 (Build 7600) ; ESRI ArcCatalog 9.3.1.3000</envirDesc><dataLang><languageCode Sync="TRUE" value="en"></languageCode></dataLang><idCitation><resTitle Sync="TRUE">current_ww</resTitle><presForm><PresFormCd Sync="TRUE" value="005"></PresFormCd></presForm></idCitation><spatRpType><SpatRepTypCd Sync="TRUE" value="001"></SpatRepTypCd></spatRpType><dataExt><geoEle><GeoBndBox esriExtentType="native"><westBL Sync="TRUE">-160.552076</westBL><eastBL Sync="TRUE">-75.747459</eastBL><northBL Sync="TRUE">48.493116</northBL><southBL Sync="TRUE">18.250368</southBL><exTypeCode Sync="TRUE">1</exTypeCode></GeoBndBox></geoEle></dataExt><geoBox esriExtentType="decdegrees"><westBL Sync="TRUE">-160.552076</westBL><eastBL Sync="TRUE">-75.747459</eastBL><northBL Sync="TRUE">48.493116</northBL><southBL Sync="TRUE">18.250368</southBL><exTypeCode Sync="TRUE">1</exTypeCode></geoBox></dataIdInfo><metainfo><langmeta Sync="TRUE">en</langmeta><metstdn Sync="TRUE">FGDC Content Standards for Digital Geospatial Metadata</metstdn><metstdv Sync="TRUE">FGDC-STD-001-1998</metstdv><mettc Sync="TRUE">local time</mettc><metc><cntinfo><cntorgp><cntper>REQUIRED: The person responsible for the metadata information.</cntper><cntorg>REQUIRED: The organization responsible for the metadata information.</cntorg></cntorgp><cntaddr><addrtype>REQUIRED: The mailing and/or physical address for the organization or individual.</addrtype><city>REQUIRED: The city of the address.</city><state>REQUIRED: The state or province of the address.</state><postal>REQUIRED: The ZIP or other postal code of the address.</postal></cntaddr><cntvoice>REQUIRED: The telephone number by which individuals can speak to the organization or individual.</cntvoice></cntinfo></metc><metd Sync="TRUE">20100422</metd><metextns><onlink Sync="TRUE">http://www.esri.com/metadata/esriprof80.html</onlink><metprof Sync="TRUE">ESRI Metadata Profile</metprof></metextns></metainfo><mdLang><languageCode Sync="TRUE" value="en"></languageCode></mdLang><mdStanName Sync="TRUE">ISO 19115 Geographic Information - Metadata</mdStanName><mdStanVer Sync="TRUE">DIS_ESRI1.0</mdStanVer><mdChar><CharSetCd Sync="TRUE" value="004"></CharSetCd></mdChar><mdHrLv><ScopeCd Sync="TRUE" value="005"></ScopeCd></mdHrLv><mdHrLvName Sync="TRUE">dataset</mdHrLvName><distinfo><resdesc Sync="TRUE">Downloadable Data</resdesc><stdorder><digform><digtinfo><transize Sync="TRUE">1.532</transize><dssize Sync="TRUE">1.532</dssize></digtinfo></digform></stdorder></distinfo><distInfo><distributor><distorTran><onLineSrc><orDesc Sync="TRUE">002</orDesc><linkage Sync="TRUE">file://\\vmware-host\Shared Folders\tmp\current_ww.shp</linkage><protocol Sync="TRUE">Local Area Network</protocol></onLineSrc><transSize Sync="TRUE">1.532</transSize></distorTran><distorFormat><formatName Sync="TRUE">Shapefile</formatName></distorFormat></distributor></distInfo><spdoinfo><direct Sync="TRUE">Vector</direct><ptvctinf><esriterm Name="current_ww"><efeatyp Sync="TRUE">Simple</efeatyp><efeageom Sync="TRUE">Polygon</efeageom><esritopo Sync="TRUE">FALSE</esritopo><efeacnt Sync="TRUE">365</efeacnt><spindex Sync="TRUE">FALSE</spindex><linrefer Sync="TRUE">FALSE</linrefer></esriterm><sdtsterm Name="current_ww"><sdtstype Sync="TRUE">G-polygon</sdtstype><ptvctcnt Sync="TRUE">365</ptvctcnt></sdtsterm></ptvctinf></spdoinfo><spref><horizsys><cordsysn><geogcsn Sync="TRUE">GCS_North_American_1983</geogcsn></cordsysn><geograph><geogunit Sync="TRUE">Decimal degrees</geogunit><latres Sync="TRUE">0.000000</latres><longres Sync="TRUE">0.000000</longres></geograph><geodetic><horizdn Sync="TRUE">North American Datum of 1983</horizdn><ellips Sync="TRUE">Geodetic Reference System 80</ellips><semiaxis Sync="TRUE">6378137.000000</semiaxis><denflat Sync="TRUE">298.257222</denflat></geodetic></horizsys></spref><refSysInfo><RefSystem><refSysID><identCode Sync="TRUE">GCS_North_American_1983</identCode></refSysID></RefSystem></refSysInfo><spatRepInfo><VectSpatRep><topLvl><TopoLevCd Sync="TRUE" value="001"></TopoLevCd></topLvl><geometObjs Name="current_ww"><geoObjTyp><GeoObjTypCd Sync="TRUE" value="001"></GeoObjTypCd></geoObjTyp><geoObjCnt Sync="TRUE">365</geoObjCnt></geometObjs></VectSpatRep></spatRepInfo><eainfo><detailed Name="current_ww"><enttyp><enttypl Sync="TRUE">current_ww</enttypl><enttypt Sync="TRUE">Feature Class</enttypt><enttypc Sync="TRUE">365</enttypc></enttyp><attr><attrlabl Sync="TRUE">FID</attrlabl><attalias Sync="TRUE">FID</attalias><attrtype Sync="TRUE">OID</attrtype><attwidth Sync="TRUE">4</attwidth><atprecis Sync="TRUE">0</atprecis><attscale Sync="TRUE">0</attscale><attrdef Sync="TRUE">Internal feature number.</attrdef><attrdefs Sync="TRUE">ESRI</attrdefs><attrdomv><udom Sync="TRUE">Sequential unique whole numbers that are automatically generated.</udom></attrdomv></attr><attr><attrlabl Sync="TRUE">Shape</attrlabl><attalias Sync="TRUE">Shape</attalias><attrtype Sync="TRUE">Geometry</attrtype><attwidth Sync="TRUE">0</attwidth><atprecis Sync="TRUE">0</atprecis><attscale Sync="TRUE">0</attscale><attrdef Sync="TRUE">Feature geometry.</attrdef><attrdefs Sync="TRUE">ESRI</attrdefs><attrdomv><udom Sync="TRUE">Coordinates defining the features.</udom></attrdomv></attr><attr><attrlabl Sync="TRUE">ISSUED</attrlabl><attalias Sync="TRUE">ISSUED</attalias><attrtype Sync="TRUE">String</attrtype><attwidth Sync="TRUE">12</attwidth></attr><attr><attrlabl Sync="TRUE">EXPIRED</attrlabl><attalias Sync="TRUE">EXPIRED</attalias><attrtype Sync="TRUE">String</attrtype><attwidth Sync="TRUE">12</attwidth></attr><attr><attrlabl Sync="TRUE">TYPE</attrlabl><attalias Sync="TRUE">TYPE</attalias><attrtype Sync="TRUE">String</attrtype><attwidth Sync="TRUE">2</attwidth><attrdomv><edom><edomv>SV</edomv><edomvd>Severe Thunderstorm</edomvd></edom><edom><edomv>TO</edomv><edomvd>Tornado</edomvd></edom><edom><edomv>MA</edomv><edomvd>Marine</edomvd></edom><edom><edomv>AF</edomv><edomvd>Volcanic Ashfall</edomvd></edom><edom><edomv>AS</edomv><edomvd>Air Stagnation</edomvd></edom><edom><edomv>AV</edomv><edomvd>Avalanche</edomvd></edom><edom><edomv>BS</edomv><edomvd>Blowing Snow</edomvd></edom><edom><edomv>BW</edomv><edomvd>Brisk Wind</edomvd></edom><edom><edomv>BZ</edomv><edomvd>Blizzard</edomvd></edom><edom><edomv>CF</edomv><edomvd>Coastal Flood</edomvd></edom><edom><edomv>DU</edomv><edomvd>Blowing Dust</edomvd></edom><edom><edomv>DS</edomv><edomvd>Dust Storm</edomvd></edom><edom><edomv>EC</edomv><edomvd>Extreme Cold</edomvd></edom><edom><edomv>EH</edomv><edomvd>Excessive Heat</edomvd></edom><edom><edomv>EW</edomv><edomvd>Extreme Wind</edomvd></edom><edom><edomv>FA</edomv><edomvd>Areal Flood</edomvd></edom><edom><edomv>FF</edomv><edomvd>Flash Flood</edomvd></edom><edom><edomv>FL</edomv><edomvd>Flood</edomvd></edom><edom><edomv>FR</edomv><edomvd>Frost</edomvd></edom><edom><edomv>FZ</edomv><edomvd>Freeze</edomvd></edom><edom><edomv>FG</edomv><edomvd>Dense Fog</edomvd></edom><edom><edomv>FW</edomv><edomvd>Red Flag</edomvd></edom><edom><edomv>GL</edomv><edomvd>Gale</edomvd></edom><edom><edomv>HF</edomv><edomvd>Hurricane Force Wind</edomvd></edom><edom><edomv>HI</edomv><edomvd>Inland Hurricane Wind</edomvd></edom><edom><edomv>HS</edomv><edomvd>Heavy Snow</edomvd></edom><edom><edomv>HP</edomv><edomvd>Heavy Sleet</edomvd></edom><edom><edomv>HT</edomv><edomvd>Heat</edomvd></edom><edom><edomv>HU</edomv><edomvd>Hurricane</edomvd></edom><edom><edomv>HW</edomv><edomvd>High Wind</edomvd></edom><edom><edomv>HY</edomv><edomvd>Hydrologic</edomvd></edom><edom><edomv>HZ</edomv><edomvd>Hard Freeze</edomvd></edom><edom><edomv>IS</edomv><edomvd>Ice Storm</edomvd></edom><edom><edomv>IP</edomv><edomvd>Sleet</edomvd></edom><edom><edomv>LB</edomv><edomvd>Lake Effect Snow and Blowing Snow</edomvd></edom><edom><edomv>LE</edomv><edomvd>Lake Effect Snow</edomvd></edom><edom><edomv>LO</edomv><edomvd>Low Water</edomvd></edom><edom><edomv>LS</edomv><edomvd>Lakeshore Flood</edomvd></edom><edom><edomv>LW</edomv><edomvd>Lake Wind</edomvd></edom><edom><edomv>MF</edomv><edomvd>Marine Dense Fog</edomvd></edom><edom><edomv>MS</edomv><edomvd>Marine Dense Smoke</edomvd></edom><edom><edomv>MH</edomv><edomvd>Marine Ashfall</edomvd></edom><edom><edomv>RB</edomv><edomvd>Small Craft for Rough Bar</edomvd></edom><edom><edomv>RH</edomv><edomvd>Radiological Hazard</edomvd></edom><edom><edomv>SB</edomv><edomvd>Snow and Blowing Snow</edomvd></edom><edom><edomv>SC</edomv><edomvd>Small Craft</edomvd></edom><edom><edomv>SE</edomv><edomvd>Hazardous Seas</edomvd></edom><edom><edomv>SI</edomv><edomvd>Small Craft for Winds</edomvd></edom><edom><edomv>SM</edomv><edomvd>Dense Smoke</edomvd></edom><edom><edomv>SN</edomv><edomvd>Snow</edomvd></edom><edom><edomv>SR</edomv><edomvd>Storm</edomvd></edom><edom><edomv>SU</edomv><edomvd>High Surf</edomvd></edom><edom><edomv>SW</edomv><edomvd>Small Craft for Hazardous Seas</edomvd></edom><edom><edomv>TI</edomv><edomvd>Inland Tropical Storm Wind</edomvd></edom><edom><edomv>TR</edomv><edomvd>Tropical Storm</edomvd></edom><edom><edomv>TS</edomv><edomvd>Tsunami</edomvd></edom><edom><edomv>TY</edomv><edomvd>Typhoon</edomvd></edom><edom><edomv>UP</edomv><edomvd>Ice Accretion</edomvd></edom><edom><edomv>VO</edomv><edomvd>Volcano</edomvd></edom><edom><edomv>WC</edomv><edomvd>Wind Chill</edomvd></edom><edom><edomv>WI</edomv><edomvd>Wind</edomvd></edom><edom><edomv>WS</edomv><edomvd>Winter Storm</edomvd></edom><edom><edomv>WW</edomv><edomvd>Winter Weather</edomvd></edom><edom><edomv>ZF</edomv><edomvd>Freezing Fog</edomvd></edom><edom><edomv>ZR</edomv><edomvd>Freezing Rain</edomvd></edom></attrdomv></attr><attr><attrlabl Sync="TRUE">GTYPE</attrlabl><attalias Sync="TRUE">GTYPE</attalias><attrtype Sync="TRUE">String</attrtype><attwidth Sync="TRUE">1</attwidth></attr><attr><attrlabl Sync="TRUE">SIG</attrlabl><attalias Sync="TRUE">SIG</attalias><attrtype Sync="TRUE">String</attrtype><attwidth Sync="TRUE">1</attwidth><attrdomv><edom><edomv>W</edomv><edomvd>Warning</edomvd></edom></attrdomv><attrdomv><edom><edomv>Y</edomv><edomvd>Advisory</edomvd></edom></attrdomv><attrdomv><edom><edomv>A</edomv><edomvd>Watch</edomvd></edom></attrdomv><attrdomv><edom><edomv>S</edomv><edomvd>Statement</edomvd></edom></attrdomv><attrdomv><edom><edomv>F</edomv><edomvd>Forecast</edomvd></edom></attrdomv><attrdomv><edom><edomv>O</edomv><edomvd>Outlook</edomvd></edom></attrdomv><attrdomv><edom><edomv>N</edomv><edomvd>Synopsis</edomvd></edom></attrdomv></attr></detailed></eainfo><mdDateSt Sync="TRUE">20100422</mdDateSt></metadata>
